{
  "ate_mean_m": 62.154146572675366,
  "ate_rmse_m": 99.47540326597854,
  "ate_std_m": 77.66735426645766,
  "completeness_pct": 95.34526854219949,
  "delta_m": 10.0,
  "gt_poses": 1955,
  "matched_poses": 1864,
  "rpe_rot_drift_deg_per_100m": 137.80869567544818,
  "rpe_rot_mean_deg": 13.780869567544817,
  "rpe_rot_rmse_deg": 25.99650311105485,
  "rpe_trans_drift_m_per_m": 4.8153446280071055,
  "rpe_trans_mean_m": 48.15344628007106,
  "rpe_trans_rmse_m": 276.8758245380267,
  "t_max_diff_s": 0.1
}